# 名前,TID,タイル画像
デリラジ,asuka@joqr.net,http://seaside-c.jp/program/delicatezone/img/main_v5.png
鷲崎健のヨルナイト×ヨルナイト,yonayona@joqr.net,http://www.joqr.co.jp/yonayona/images/index_img.png
洲崎西,suzakinishi@joqr.net,https://pbs.twimg.com/profile_images/378800000072232850/1021f927bb2804f8cf2731ecb00cdd6d.jpeg
TrySailのTRYangle harmony,try@joqr.net,http://try.secondshot.jp/img/try_logo.png
A&G NEXT BREAKS 吉田有里のFIVE STARS,yuuri@joqr.net,https://pbs.twimg.com/profile_images/679076536079638528/a4l3GWpf.jpg
A&G NEXT BREAKS 黒沢ともよのFIVE STARS,tomoyo@joqr.net,https://pbs.twimg.com/profile_images/679076536079638528/a4l3GWpf.jpg
A&G NEXT BREAKS 深川芹亜のFIVE STARS,seria@joqr.net,https://pbs.twimg.com/profile_images/679076536079638528/a4l3GWpf.jpg
A&G NEXT BREAKS 田中美海のFIVE STARS,minami@joqr.net,https://pbs.twimg.com/profile_images/679076536079638528/a4l3GWpf.jpg
A&G NEXT BREAKS 松田利冴のFIVE STARS,risae@joqr.net,https://pbs.twimg.com/profile_images/679076536079638528/a4l3GWpf.jpg
春佳・彩花のSSちゃんねる,ssc@joqr.net,http://seaside-c.jp/program/ssc/img/main_v2.png
津田のラジオ 「っだー！！」,daaaaa@joqr.net,https://pbs.twimg.com/profile_images/707394293107806209/LrVm5xQ3.jpg
夕実&梨沙の東京ラフストーリー,tls@joqr.net,http://www.marine-e.net/sp/tls/images/header01.jpg
ありがた系迷惑プレゼンショー　はるか・ちなみの「りめいく！」,remake@joqr.net,http://seaside-c.jp/program/remake/img/main.png
あどりぶ,adlib@joqr.net,http://seaside-c.jp/program/adlib/img/img_logo02.png
豊崎愛生のおかえりらじお,okaeri@joqr.net,http://okaeri.secondshot.jp/img/okaeri_logo.png
☆佳村はるかのひみつきち☆,,http://nl.simg.jp/img/a303/908335.7e2423.jpg